"title","title_type","genre","runtime","imdb_rating","imdb_num_votes","critics_rating","critics_score","audience_rating","audience_score","best_pic_win","best_actor_win","best_actress_win","best_dir_win"
"Filly Brown","Feature Film","Drama",80,5.5,899,"Rotten",45,"Upright",73,"no","no","no","no"
"The Dish","Feature Film","Drama",101,7.3,12285,"Certified Fresh",96,"Upright",81,"no","no","no","no"
"Waiting for Guffman","Feature Film","Comedy",84,7.6,22381,"Certified Fresh",91,"Upright",91,"no","no","no","no"
"The Age of Innocence","Feature Film","Drama",139,7.2,35096,"Certified Fresh",80,"Upright",76,"no","yes","no","yes"
"Malevolence","Feature Film","Horror",90,5.1,2386,"Rotten",33,"Spilled",27,"no","no","no","no"
"Old Partner","Documentary","Documentary",78,7.8,333,"Fresh",91,"Upright",86,"no","no","no","no"
"Lady Jane","Feature Film","Drama",142,7.2,5016,"Rotten",57,"Upright",76,"no","no","no","no"
"Mad Dog Time","Feature Film","Drama",93,5.5,2272,"Rotten",17,"Spilled",47,"no","yes","no","no"
"Beauty Is Embarrassing","Documentary","Documentary",88,7.5,880,"Fresh",90,"Upright",89,"no","no","no","no"
"The Snowtown Murders","Feature Film","Drama",119,6.6,12496,"Certified Fresh",83,"Upright",66,"no","no","no","no"
"Superman II","Feature Film","Action & Adventure",127,6.8,71979,"Certified Fresh",89,"Upright",75,"no","yes","no","no"
"Leap of Faith","Feature Film","Drama",108,6,9669,"Fresh",67,"Spilled",46,"no","no","no","no"
"The Royal Tenenbaums","Feature Film","Comedy",110,7.6,201779,"Certified Fresh",80,"Upright",89,"no","yes","yes","no"
"School for Scoundrels","Feature Film","Comedy",100,5.9,25808,"Rotten",25,"Spilled",53,"no","no","no","no"
"Rhinestone","Feature Film","Comedy",111,3.6,5544,"Rotten",15,"Spilled",36,"no","no","no","no"
"Burn After Reading","Feature Film","Drama",96,7,240033,"Certified Fresh",78,"Upright",64,"no","no","yes","yes"
"The Doors","Feature Film","Drama",140,7.2,66489,"Rotten",54,"Upright",80,"no","no","no","yes"
"The Wood","Feature Film","Drama",106,6.9,6336,"Fresh",61,"Upright",92,"no","no","no","no"
"Jason X","Feature Film","Horror",91,4.4,37769,"Rotten",19,"Spilled",24,"no","no","no","no"
"Dragon Wars","Feature Film","Drama",90,3.6,21268,"Rotten",29,"Spilled",19,"no","no","no","no"
"Fallen","Feature Film","Drama",124,7,56201,"Rotten",40,"Upright",73,"no","yes","no","no"
"The Gleaners and I","Documentary","Documentary",82,7.6,3459,"Fresh",92,"Upright",86,"no","no","no","no"
"Tamara Drewe","Feature Film","Drama",107,6.2,16717,"Fresh",66,"Spilled",42,"no","no","no","no"
"Not Without My Daughter","Feature Film","Drama",116,6.2,9357,"Rotten",47,"Upright",71,"no","no","yes","no"
"The Yes Men Fix the World","Documentary","Documentary",87,7.6,4541,"Certified Fresh",79,"Upright",77,"no","no","no","no"
"Oh, God! You Devil","Feature Film","Comedy",97,5.3,1816,"Rotten",40,"Spilled",41,"no","no","no","no"
"Meet Joe Black","Feature Film","Drama",178,7.1,163490,"Rotten",51,"Upright",81,"no","yes","no","no"
"The Bay","Feature Film","Horror",84,5.6,19285,"Certified Fresh",77,"Spilled",43,"no","no","no","yes"
"Scandal","Feature Film","Art House & International",115,6.4,3688,"Fresh",91,"Upright",61,"no","no","no","no"
"Imagine: John Lennon","Documentary","Musical & Performing Arts",100,7.9,3488,"Fresh",92,"Upright",91,"no","no","no","no"
"Locke","Feature Film","Mystery & Suspense",85,7.1,82851,"Certified Fresh",91,"Upright",71,"no","no","no","no"
"The Spongebob Squarepants Movie","Feature Film","Animation",87,7,56128,"Fresh",68,"Upright",77,"no","no","no","no"
"The Muppet Christmas Carol","Feature Film","Science Fiction & Fantasy",85,7.7,33101,"Fresh",69,"Upright",85,"no","no","no","no"
"Die Hard 2","Feature Film","Mystery & Suspense",124,7.1,259822,"Fresh",69,"Upright",70,"no","no","no","no"
"The Reckoning","Feature Film","Documentary",112,6.6,4908,"Rotten",40,"Spilled",57,"no","no","no","no"
"Alice in Wonderland","Feature Film","Action & Adventure",108,6.5,290356,"Rotten",52,"Spilled",55,"no","no","no","no"
"I'm Not There","Feature Film","Drama",135,7,47297,"Certified Fresh",76,"Upright",70,"no","no","yes","no"
"Three Wishes","Feature Film","Drama",115,6.1,2145,"Rotten",13,"Spilled",51,"no","no","no","no"
"Aliens","Feature Film","Action & Adventure",137,8.4,466400,"Certified Fresh",98,"Upright",94,"no","no","no","yes"
"Driving Miss Daisy","Feature Film","Drama",99,7.4,69338,"Certified Fresh",81,"Upright",81,"yes","no","yes","no"
"Max","Feature Film","Drama",106,6.6,6228,"Fresh",69,"Upright",64,"no","no","no","no"
"Serpico","Feature Film","Drama",130,7.8,75468,"Fresh",90,"Upright",88,"no","yes","no","no"
"Basic","Feature Film","Drama",98,6.5,48519,"Rotten",21,"Upright",64,"no","no","no","no"
"The Guru","Feature Film","Comedy",94,5.4,13523,"Rotten",57,"Spilled",40,"no","no","no","no"
"The Color Purple","Feature Film","Drama",154,7.8,58668,"Fresh",88,"Upright",94,"no","no","no","yes"
"The Dream Team","Feature Film","Comedy",113,6.5,9654,"Rotten",54,"Upright",62,"no","no","no","no"
"The Man Without a Face","Feature Film","Drama",115,6.7,22079,"Fresh",67,"Upright",64,"no","no","no","yes"
"The White Countess","Feature Film","Drama",135,6.7,5258,"Rotten",50,"Spilled",49,"no","no","no","no"
"Viva Knievel!","Feature Film","Drama",106,2.7,761,"Rotten",17,"Spilled",17,"no","no","no","no"
"Rising Sun","Feature Film","Drama",125,6.2,33839,"Rotten",35,"Spilled",40,"no","no","no","no"
"Mojados: Through the Night","Documentary","Documentary",65,7.3,183,"Fresh",73,"Upright",88,"no","no","no","no"
"Seven Pounds","Feature Film","Drama",123,7.7,225130,"Rotten",27,"Upright",75,"no","no","no","no"
"The Mothman Prophecies","Feature Film","Mystery & Suspense",119,6.5,62241,"Rotten",52,"Spilled",56,"no","no","no","no"
"Breaking and Entering","Feature Film","Drama",120,6.6,19714,"Rotten",34,"Spilled",52,"no","no","no","yes"
"The English Patient","Feature Film","Drama",162,7.4,137126,"Certified Fresh",84,"Upright",83,"yes","yes","no","yes"
"Heaven & Earth","Feature Film","Drama",140,6.8,10468,"Rotten",44,"Upright",72,"no","no","no","yes"
"The Last Kiss","Feature Film","Drama",115,6.5,37770,"Rotten",46,"Spilled",59,"no","no","no","no"
"Three of Hearts","Feature Film","Drama",102,5.5,1628,"Rotten",56,"Spilled",38,"no","no","no","no"
"The Tortured","Feature Film","Mystery & Suspense",79,5.5,5587,"Rotten",6,"Spilled",35,"no","no","no","no"
"The Package","Feature Film","Mystery & Suspense",108,6.4,6247,"Fresh",64,"Spilled",43,"no","yes","no","no"
"Happy, Texas","Feature Film","Comedy",98,6.3,8646,"Certified Fresh",81,"Spilled",54,"no","no","no","no"
"Then She Found Me","Feature Film","Drama",100,6,8320,"Rotten",50,"Spilled",44,"no","yes","yes","no"
"Promises","Documentary","Documentary",106,8.5,2362,"Certified Fresh",96,"Upright",96,"no","no","no","no"
"Most Dangerous Man in America: Daniel Ellsberg and the Pentagon Papers","Documentary","Documentary",92,7.8,1942,"Certified Fresh",96,"Upright",89,"no","no","no","no"
"The Recruit","Feature Film","Mystery & Suspense",115,6.6,110238,"Rotten",43,"Spilled",58,"no","yes","no","no"
"Alvin and the Chipmunks: Chipwrecked","Feature Film","Animation",87,4.4,21501,"Rotten",12,"Spilled",52,"no","no","no","no"
"The Thin Blue Line","Documentary","Documentary",103,8.1,14359,"Fresh",100,"Upright",90,"no","no","no","no"
"The Cotton Club","Feature Film","Musical & Performing Arts",127,6.5,12450,"Fresh",75,"Spilled",55,"no","no","no","yes"
"Lord of the Flies","Feature Film","Drama",90,6.4,21704,"Fresh",63,"Spilled",52,"no","no","no","no"
"Same Time, Next Year","Feature Film","Drama",119,7.2,4375,"Rotten",40,"Upright",85,"no","no","yes","no"
"Proof of Life","Feature Film","Drama",135,6.2,48324,"Rotten",40,"Spilled",43,"no","yes","no","no"
"Waking Up in Reno","Feature Film","Comedy",91,5.5,4768,"Rotten",13,"Spilled",30,"no","no","yes","no"
"Silent Fall","Feature Film","Mystery & Suspense",101,5.9,2944,"Rotten",24,"Spilled",38,"no","yes","no","no"
"Rock 'n' Roll High School","Feature Film","Comedy",93,6.8,6788,"Fresh",79,"Upright",75,"no","no","no","no"
"Twilight Zone---The Movie","Feature Film","Horror",101,6.5,24783,"Fresh",65,"Spilled",55,"no","no","no","no"
"The Golden Bowl","Feature Film","Drama",130,6,3745,"Rotten",54,"Spilled",39,"no","no","no","no"
"Rio 2","Feature Film","Animation",101,6.4,54726,"Rotten",48,"Spilled",59,"no","yes","no","no"
"Easy","Feature Film","Drama",99,5.9,1493,"Rotten",59,"Spilled",47,"no","no","no","no"
"Major League: Back to the Minors","Feature Film","Comedy",100,4.4,5616,"Rotten",21,"Spilled",24,"no","no","no","no"
"The Wedding Banquet (Xi yan)","Feature Film","Drama",106,7.6,10492,"Fresh",96,"Upright",87,"no","no","no","yes"
"Gotti","TV Movie","Drama",116,7.3,4451,"Fresh",60,"Upright",83,"no","no","no","no"
"Strange Brew","Feature Film","Comedy",90,6.8,12269,"Fresh",71,"Upright",81,"no","no","no","no"
"Robocop 2","Feature Film","Action & Adventure",117,5.7,60335,"Rotten",32,"Spilled",35,"no","no","no","no"
"Riders (Steal)","Feature Film","Action & Adventure",83,5.5,5035,"Rotten",29,"Spilled",34,"no","no","no","no"
"Warrior","Feature Film","Drama",140,8.2,315051,"Certified Fresh",82,"Upright",92,"no","no","no","no"
"Percy Jackson: Sea of Monsters","Feature Film","Drama",106,5.9,82737,"Rotten",42,"Spilled",55,"no","no","no","no"
"Visioneers","Feature Film","Drama",94,6.1,4944,"Fresh",70,"Spilled",54,"no","no","no","no"
"Bats","Feature Film","Drama",91,3.6,8229,"Rotten",17,"Spilled",14,"no","no","no","no"
"The Brother from Another Planet","Feature Film","Drama",108,6.8,4516,"Fresh",92,"Upright",76,"no","no","no","no"
"Blame It on Rio","Feature Film","Comedy",100,5.7,7858,"Rotten",9,"Spilled",40,"no","no","no","no"
"North Face (Nordwand)","Feature Film","Drama",126,7.4,10938,"Certified Fresh",84,"Upright",82,"no","no","no","no"
"Predator","Feature Film","Action & Adventure",107,7.8,279704,"Certified Fresh",78,"Upright",87,"no","no","no","no"
"The Reef","Feature Film","Mystery & Suspense",94,5.8,11192,"Fresh",78,"Spilled",41,"no","no","no","no"
"Dirty Sanchez: The Movie","Documentary","Comedy",94,6.2,3851,"Rotten",40,"Upright",75,"no","no","no","no"
"Shakedown","Feature Film","Drama",97,5.8,1838,"Fresh",71,"Spilled",43,"no","no","no","no"
"The Principal","Feature Film","Drama",109,6.2,6552,"Rotten",50,"Spilled",52,"no","no","no","no"
"A New Life","Feature Film","Drama",104,5.7,390,"Rotten",29,"Spilled",25,"no","no","no","no"
"Arlington Road","Feature Film","Mystery & Suspense",117,7.2,68429,"Fresh",62,"Upright",74,"no","yes","no","no"
"Annie Hall","Feature Film","Comedy",93,8.1,182983,"Certified Fresh",98,"Upright",93,"yes","no","yes","yes"
"Charlie: The Life and Art of Charles Chaplin","Documentary","Documentary",132,8,1147,"Fresh",95,"Upright",90,"no","no","no","no"
"The Sessions","Feature Film","Drama",95,7.2,35635,"Certified Fresh",93,"Upright",80,"no","no","yes","no"
"Prison","Feature Film","Drama",102,5.9,2569,"Rotten",40,"Spilled",34,"no","no","no","no"
"Kiss of Death","Feature Film","Drama",101,5.9,13980,"Fresh",68,"Spilled",37,"no","yes","yes","no"
"Citizen X","TV Movie","Drama",105,7.7,11477,"Fresh",86,"Upright",86,"no","no","no","no"
"The Comebacks","Feature Film","Comedy",84,4.1,9853,"Rotten",9,"Spilled",33,"no","no","no","no"
"The Other Woman","Feature Film","Drama",102,6.4,14970,"Rotten",39,"Spilled",45,"no","no","yes","no"
"Pusher III: I'm the Angel of Death","Feature Film","Drama",90,7.3,9001,"Fresh",92,"Upright",81,"no","no","no","no"
"Two for the Money","Feature Film","Drama",122,6.2,35868,"Rotten",22,"Spilled",48,"no","yes","no","no"
"Star Trek V - The Final Frontier","Feature Film","Action & Adventure",107,5.4,41767,"Rotten",21,"Spilled",24,"no","no","no","no"
"Cop & 1/2","Feature Film","Comedy",97,3.8,6954,"Rotten",17,"Spilled",35,"no","no","no","no"
"Django Unchained","Feature Film","Other",165,8.5,893008,"Certified Fresh",88,"Upright",91,"no","yes","no","no"
"Cousins","Feature Film","Drama",109,6.2,3467,"Rotten",50,"Upright",69,"no","no","no","no"
"Spy Game","Feature Film","Drama",126,7,117688,"Fresh",66,"Upright",75,"no","no","no","no"
"Held Up","Feature Film","Comedy",89,5.1,2817,"Rotten",17,"Spilled",43,"no","yes","no","no"
"Striking Distance","Feature Film","Mystery & Suspense",102,5.8,32751,"Rotten",14,"Spilled",35,"no","no","no","no"
"One Night With the King","Feature Film","Drama",123,6.3,5704,"Rotten",19,"Upright",78,"no","no","no","no"
"Phil Ochs: There But For Fortune","Documentary","Musical & Performing Arts",96,7.6,318,"Fresh",97,"Upright",78,"no","no","no","no"
"Lethal Weapon 4","Feature Film","Action & Adventure",127,6.6,123989,"Rotten",52,"Upright",64,"no","no","no","no"
"101 Dalmatians","Feature Film","Action & Adventure",103,5.6,70209,"Rotten",38,"Spilled",40,"no","no","no","no"
"Bhutto","Documentary","Documentary",111,7.8,541,"Fresh",86,"Upright",88,"no","no","no","no"
"Deep Impact","Feature Film","Drama",120,6.1,132215,"Rotten",48,"Spilled",43,"no","yes","no","no"
"Shoot 'Em Up","Feature Film","Drama",86,6.7,127458,"Fresh",67,"Upright",65,"no","no","no","no"
"The Room","Feature Film","Drama",99,3.5,27769,"Rotten",35,"Spilled",46,"no","no","no","no"
"Made of Honor","Feature Film","Comedy",101,5.8,52635,"Rotten",14,"Spilled",55,"no","no","no","no"
"The Longest Yard","Feature Film","Drama",121,7.1,12819,"Fresh",81,"Upright",75,"no","no","no","no"
"Dirty Love","Feature Film","Comedy",91,3.5,6054,"Rotten",4,"Upright",67,"no","no","no","no"
"Berberian Sound Studio","Feature Film","Horror",92,6.2,9367,"Certified Fresh",84,"Spilled",54,"no","no","no","no"
"A Good Old Fashioned Orgy","Feature Film","Comedy",95,6.2,17798,"Rotten",32,"Spilled",41,"no","no","no","no"
"May","Feature Film","Drama",93,6.7,26010,"Fresh",69,"Upright",75,"no","no","no","no"
"Any Day Now","Feature Film","Drama",98,7.5,4515,"Certified Fresh",79,"Upright",76,"no","no","no","no"
"Africa: The Serengeti","Documentary","Documentary",39,7.3,535,"Fresh",100,"Upright",74,"no","no","no","no"
"Grosse Pointe Blank","Feature Film","Drama",107,7.4,71572,"Certified Fresh",79,"Upright",87,"no","no","no","no"
"Jack and Jill","Feature Film","Comedy",91,3.4,57933,"Rotten",3,"Spilled",37,"no","yes","no","no"
"Sherman's March","Documentary","Documentary",157,7.5,1784,"Fresh",100,"Upright",86,"no","no","no","no"
"The Ninth Configuration (Twinkle, Twinkle, Killer Kane)","Feature Film","Drama",118,7.2,3883,"Fresh",70,"Upright",79,"no","no","no","no"
"Mr. & Mrs. Bridge","Feature Film","Drama",126,6.7,2282,"Fresh",80,"Spilled",42,"no","yes","yes","no"
"Space Jam","Feature Film","Comedy",88,6.3,105745,"Rotten",36,"Upright",63,"no","no","no","no"
"Spring Breakers","Feature Film","Drama",94,5.3,104457,"Fresh",66,"Spilled",38,"no","no","no","no"
"Fantastic Four: Rise of the Silver Surfer","Feature Film","Action & Adventure",92,5.6,205065,"Rotten",37,"Spilled",51,"no","no","no","no"
"The Hangover","Feature Film","Comedy",100,7.8,562136,"Certified Fresh",79,"Upright",84,"no","no","no","no"
"The Shaggy D.A.","Feature Film","Comedy",91,5.7,1778,"Rotten",50,"Spilled",44,"no","no","no","no"
"Orca - The Killer Whale","Feature Film","Drama",92,5.6,7628,"Rotten",15,"Spilled",33,"no","no","no","no"
"Tang shan da xiong (Fists of Fury) (The Big Boss)","Feature Film","Drama",100,7.1,17934,"Fresh",60,"Upright",74,"no","no","no","no"
"The Story Of Luke","Feature Film","Drama",96,7.3,2502,"Fresh",80,"Upright",78,"no","no","no","no"
"New York, New York","Feature Film","Drama",155,6.7,13092,"Fresh",67,"Spilled",59,"no","yes","yes","yes"
"Barbarosa","Feature Film","Other",90,6.6,1010,"Fresh",100,"Upright",74,"no","no","no","no"
"Sinbad and the Eye of the Tiger","Feature Film","Action & Adventure",113,6.3,4687,"Fresh",63,"Spilled",55,"no","no","no","no"
"K-19: The Widowmaker","Feature Film","Drama",138,6.6,48137,"Fresh",60,"Spilled",52,"no","no","no","yes"
"What's Eating Gilbert Grape","Feature Film","Drama",118,7.8,164112,"Certified Fresh",89,"Upright",89,"no","no","no","no"
"Of Mice and Men","Feature Film","Drama",115,7.5,30921,"Fresh",96,"Upright",82,"no","no","no","no"
"In the Name of the King: A Dungeon Siege Tale","Feature Film","Action & Adventure",127,3.8,37640,"Rotten",4,"Spilled",22,"no","no","no","no"
"Hairspray","Feature Film","Musical & Performing Arts",117,6.8,95327,"Certified Fresh",91,"Upright",85,"no","no","no","no"
"Godzilla","Feature Film","Mystery & Suspense",123,6.5,289825,"Certified Fresh",74,"Upright",66,"no","no","no","no"
"The Freshman","Feature Film","Drama",102,6.5,15525,"Certified Fresh",93,"Upright",61,"no","yes","no","no"
"The Legend of Hercules","Feature Film","Action & Adventure",99,4.2,43268,"Rotten",3,"Spilled",33,"no","no","no","no"
"North Sea Hijack (ffolkes) (Assault Force)","Feature Film","Action & Adventure",100,6.3,3153,"Rotten",33,"Spilled",43,"no","no","no","no"
"Texasville","Feature Film","Drama",123,6,1887,"Rotten",55,"Spilled",50,"no","yes","no","no"
"My Baby's Daddy","Feature Film","Comedy",86,4.5,3096,"Rotten",4,"Spilled",49,"no","no","no","no"
"Clerks II","Feature Film","Drama",97,7.4,112216,"Fresh",63,"Upright",84,"no","no","no","no"
"White House Down","Feature Film","Drama",131,6.4,154674,"Rotten",51,"Upright",62,"no","yes","no","no"
"Flesh & Blood (Flesh+Blood) (The Rose and the Sword)","Feature Film","Drama",126,6.7,12535,"Fresh",79,"Upright",63,"no","no","no","no"
"Bastard out of Carolina","Feature Film","Drama",97,7.4,3363,"Fresh",100,"Upright",83,"no","no","no","no"
"Red Dawn","Feature Film","Action & Adventure",114,6.3,40659,"Rotten",53,"Upright",65,"no","no","no","no"
"Rescue Dawn","Feature Film","Drama",120,7.4,82378,"Certified Fresh",91,"Upright",74,"no","no","no","no"
"The Longshots","Feature Film","Drama",94,5.1,3135,"Rotten",41,"Upright",61,"no","no","no","no"
"Blind Spot: Hitler's Secretary","Documentary","Documentary",90,7.3,1489,"Certified Fresh",85,"Upright",70,"no","no","no","no"
"U-Turn","Feature Film","Drama",125,6.8,41385,"Rotten",59,"Upright",62,"no","yes","no","yes"
"Something's Gotta Give","Feature Film","Comedy",128,6.7,88523,"Fresh",71,"Upright",69,"no","yes","yes","no"
"A Boy and His Dog","Feature Film","Drama",91,6.6,12221,"Fresh",75,"Upright",63,"no","no","no","no"
"Terror Train","Feature Film","Horror",97,5.9,6304,"Rotten",36,"Spilled",39,"no","no","no","no"
"Leatherface: The Texas Chainsaw Massacre III","Feature Film","Horror",85,5.1,9565,"Rotten",19,"Spilled",32,"no","no","no","no"
"Lorenzo's Oil","Feature Film","Drama",129,7.2,15913,"Fresh",94,"Upright",79,"no","no","yes","no"
"Groundhog Day","Feature Film","Other",101,8.1,414687,"Certified Fresh",96,"Upright",87,"no","no","no","no"
"Conviction","Feature Film","Drama",107,7.2,33720,"Fresh",67,"Upright",70,"no","no","no","no"
"Kicking It","Documentary","Documentary",98,7.4,325,"Rotten",53,"Upright",71,"no","no","no","no"
"Vampire Hunter D: Bloodlust","Feature Film","Action & Adventure",103,7.8,22245,"Fresh",72,"Upright",86,"no","no","no","no"
"Bounce","Feature Film","Drama",106,5.7,17133,"Rotten",52,"Spilled",33,"no","no","yes","no"
"A Mighty Heart","Feature Film","Drama",108,6.7,23821,"Certified Fresh",79,"Upright",70,"no","no","no","no"
"Santa Sangre","Feature Film","Drama",123,7.7,13285,"Fresh",85,"Upright",87,"no","no","no","no"
"Resident Evil","Feature Film","Action & Adventure",100,6.7,192052,"Rotten",33,"Upright",68,"no","no","no","no"
"Top Gun","Feature Film","Drama",110,6.9,211129,"Rotten",54,"Upright",83,"no","no","no","no"
"25th Hour","Feature Film","Drama",135,7.7,146518,"Certified Fresh",78,"Upright",85,"no","yes","no","no"
"The Bad News Bears in Breaking Training","Feature Film","Comedy",100,5.4,2239,"Rotten",50,"Spilled",39,"no","no","no","no"
"Streets of Gold","Feature Film","Drama",95,6,486,"Rotten",31,"Spilled",44,"no","no","no","no"
"The Mod Squad","Feature Film","Drama",92,4.1,7658,"Rotten",4,"Spilled",17,"no","no","no","no"
"Where the Heart Is","Feature Film","Drama",107,6.1,1268,"Rotten",11,"Spilled",58,"no","no","no","no"
"Battlefield Earth","Feature Film","Action & Adventure",118,2.4,64119,"Rotten",3,"Spilled",11,"no","yes","no","no"
"Osmosis Jones","Feature Film","Comedy",95,6.2,24678,"Rotten",55,"Spilled",41,"no","no","no","no"
"Never Cry Wolf","Feature Film","Drama",105,7.6,6114,"Fresh",100,"Upright",85,"no","no","no","no"
"A Good Woman","Feature Film","Drama",93,6.5,9399,"Rotten",37,"Spilled",49,"no","no","yes","no"
"Drive","Feature Film","Drama",100,7.8,414650,"Certified Fresh",92,"Upright",79,"no","no","no","no"
"2 Days in the Valley","Feature Film","Drama",104,6.5,15291,"Fresh",60,"Spilled",54,"no","no","yes","no"
"Married to It","Feature Film","Drama",112,5.9,725,"Rotten",33,"Spilled",41,"no","no","no","no"
"Pay It Forward","Feature Film","Drama",123,7.1,93331,"Rotten",40,"Upright",77,"no","yes","yes","no"
"Topsy-Turvy","Feature Film","Drama",154,7.4,9876,"Certified Fresh",89,"Upright",79,"no","no","no","no"
"Beyond the Gates","Feature Film","Drama",115,7.7,9525,"Certified Fresh",84,"Upright",85,"no","no","no","no"
"Top Secret!","Feature Film","Comedy",90,7.2,44741,"Fresh",76,"Upright",80,"no","no","no","no"
"Gaza Strip","Documentary","Documentary",74,7.3,285,"Fresh",78,"Upright",89,"no","no","no","no"
"Night and the City","Feature Film","Drama",105,5.8,3673,"Fresh",67,"Spilled",31,"no","yes","yes","no"
"Lockout (Unrated)","Feature Film","Action & Adventure",95,6.1,79970,"Rotten",38,"Spilled",46,"no","no","no","no"
"Orwell Rolls in His Grave","Documentary","Documentary",84,8.1,1058,"Fresh",79,"Upright",92,"no","no","no","no"
"Sunshine Cleaning","Feature Film","Comedy",91,6.9,60220,"Certified Fresh",72,"Upright",62,"no","no","no","no"
"The Stupids","Feature Film","Comedy",94,4.1,5591,"Rotten",21,"Spilled",36,"no","no","no","no"
"Better This World","Documentary","Documentary",82,7.3,340,"Fresh",100,"Upright",80,"no","no","no","no"
"Wimbledon","Feature Film","Drama",98,6.3,50340,"Fresh",60,"Spilled",57,"no","no","no","no"
"B. Monkey","Feature Film","Drama",92,6,2934,"Fresh",61,"Spilled",55,"no","no","no","no"
"Caveman","Feature Film","Action & Adventure",91,5.7,5564,"Rotten",24,"Spilled",55,"no","no","no","no"
"V for Vendetta","Feature Film","Drama",132,8.2,753592,"Certified Fresh",73,"Upright",90,"no","no","yes","no"
"One on One","Feature Film","Drama",98,6.4,1141,"Fresh",83,"Upright",75,"no","no","no","no"
"Flesh And Bone","Feature Film","Drama",126,6.2,3967,"Fresh",67,"Spilled",40,"no","no","yes","no"
"Mission: Impossible","Feature Film","Mystery & Suspense",110,7.1,287476,"Fresh",63,"Upright",71,"no","yes","no","no"
"A Time to Kill","Feature Film","Mystery & Suspense",149,7.4,94983,"Fresh",67,"Upright",86,"no","yes","yes","no"
"The Color of Money","Feature Film","Other",119,7,56185,"Fresh",90,"Upright",73,"no","yes","no","yes"
"Knightriders","Feature Film","Drama",146,6.4,3138,"Fresh",82,"Upright",61,"no","no","no","no"
"The Company You Keep","Feature Film","Mystery & Suspense",125,6.4,25264,"Rotten",55,"Spilled",45,"no","no","yes","yes"
"Madea Goes to Jail","Feature Film","Drama",103,4.1,9424,"Rotten",29,"Upright",70,"no","no","no","no"
"Every Which Way But Loose","Feature Film","Action & Adventure",114,6.2,16681,"Rotten",31,"Spilled",56,"no","no","no","no"
"Strictly Business","Feature Film","Drama",83,5.3,1308,"Rotten",10,"Spilled",56,"no","no","no","no"
"Once","Feature Film","Musical & Performing Arts",85,7.9,87215,"Certified Fresh",97,"Upright",91,"no","no","no","no"
"Beverly Hills Cop","Feature Film","Action & Adventure",105,7.3,121245,"Certified Fresh",83,"Upright",81,"no","no","no","no"
"The Raven","Feature Film","Mystery & Suspense",110,6.4,71112,"Rotten",22,"Spilled",46,"no","no","no","no"
"Nick and Norah's Infinite Playlist","Feature Film","Comedy",90,6.7,72295,"Fresh",74,"Upright",65,"no","no","no","no"
"Attack of the 50 Foot Woman","TV Movie","Other",90,3.8,2289,"Rotten",22,"Spilled",21,"no","no","no","no"
"The Sum of All Fears","Feature Film","Drama",124,6.4,84191,"Rotten",59,"Spilled",49,"no","no","no","no"
"The Interview","Feature Film","Comedy",112,6.6,235529,"Rotten",51,"Spilled",48,"no","no","no","no"
"Let the Right One In","Feature Film","Drama",115,8,168032,"Certified Fresh",98,"Upright",90,"no","no","no","no"
"Volcano","Feature Film","Drama",104,5.4,56329,"Rotten",44,"Spilled",31,"no","no","no","no"
"Nostalgia for the Light","Documentary","Documentary",90,7.6,2849,"Certified Fresh",100,"Upright",84,"no","no","no","no"
"Where the Heart Is","Feature Film","Drama",120,6.8,26360,"Rotten",35,"Upright",77,"no","no","yes","no"
"The Cake Eaters","Feature Film","Art House & International",86,6.5,5762,"Fresh",64,"Spilled",48,"no","no","no","no"
"The Darwin Awards","Feature Film","Drama",94,5.9,8521,"Rotten",25,"Spilled",45,"no","no","no","no"
"Kick-Ass 2","Feature Film","Action & Adventure",103,6.6,191935,"Rotten",30,"Spilled",58,"no","no","no","no"
"Hotel Terminus: The Life and Times of Klaus Barbie","Documentary","Documentary",267,7.8,872,"Fresh",100,"Upright",73,"no","no","no","no"
"Jade","Feature Film","Drama",95,5.1,8999,"Rotten",14,"Spilled",27,"no","no","no","yes"
"Lethal Weapon","Feature Film","Drama",110,7.6,184656,"Certified Fresh",84,"Upright",85,"no","no","no","no"
"Closet Land","Feature Film","Mystery & Suspense",89,7.2,2098,"Rotten",44,"Upright",86,"no","no","no","no"
"Cast Away","Feature Film","Drama",143,7.7,375820,"Certified Fresh",90,"Upright",83,"no","yes","yes","yes"
"Crocodile Dundee in Los Angeles","Feature Film","Action & Adventure",92,4.8,19187,"Rotten",11,"Spilled",25,"no","no","no","no"
"Motorama","Feature Film","Drama",90,6.4,1406,"Fresh",60,"Upright",61,"no","no","no","no"
"Lost and Delirious","Feature Film","Drama",103,7,16755,"Rotten",51,"Upright",78,"no","no","no","no"
"Antiviral","Feature Film","Drama",108,5.6,9003,"Fresh",64,"Spilled",40,"no","no","no","no"
"Class Action","Feature Film","Mystery & Suspense",110,6.3,5014,"Fresh",75,"Spilled",51,"no","yes","no","no"
"The Pit and the Pendulum","Feature Film","Horror",97,6.1,2818,"Rotten",56,"Spilled",40,"no","no","no","no"
"Man on Wire","Documentary","Documentary",94,7.9,38076,"Certified Fresh",100,"Upright",87,"no","no","no","no"
"Madagascar: Escape 2 Africa","Feature Film","Action & Adventure",89,6.7,137405,"Fresh",64,"Upright",66,"no","no","no","no"
"Failure to Launch","Feature Film","Drama",97,5.6,56361,"Rotten",24,"Spilled",52,"no","yes","no","no"
"London to Brighton","Feature Film","Mystery & Suspense",85,7,7244,"Fresh",67,"Upright",75,"no","no","no","no"
"A Stranger Among Us","Feature Film","Drama",110,5.7,2701,"Rotten",23,"Spilled",40,"no","no","no","no"
"Van Wilder: The Rise of Taj (Van Wilder 2)","Feature Film","Comedy",97,4.8,18712,"Rotten",7,"Spilled",38,"no","no","no","no"
"The Human Stain","Feature Film","Mystery & Suspense",106,6.3,25054,"Rotten",43,"Spilled",49,"no","yes","yes","yes"
"Woo","Feature Film","Comedy",84,3.8,1510,"Rotten",10,"Upright",63,"no","no","no","no"
"The Black Stallion","Feature Film","Action & Adventure",118,7.4,8544,"Fresh",88,"Upright",83,"no","no","no","no"
"Savior","Feature Film","Drama",103,7.3,8561,"Rotten",56,"Upright",81,"no","no","no","no"
"Project X","Feature Film","Drama",88,6.7,151934,"Rotten",28,"Upright",61,"no","no","no","no"
"Bottle Rocket","Feature Film","Drama",91,7.1,52449,"Certified Fresh",85,"Upright",80,"no","no","no","no"
"At First Sight","Feature Film","Drama",128,5.9,11001,"Rotten",32,"Spilled",46,"no","no","no","no"
"Session 9","Feature Film","Drama",100,6.5,42613,"Fresh",63,"Upright",64,"no","no","no","no"
"Liz & Dick","TV Movie","Drama",88,4.1,3505,"Rotten",33,"Spilled",19,"no","no","no","no"
"The Devil's Rejects","Feature Film","Horror",107,6.9,74294,"Rotten",53,"Upright",78,"no","no","no","no"
"Surviving Progress","Documentary","Documentary",86,7.5,1480,"Fresh",75,"Upright",80,"no","no","no","no"
"The Squeeze","Feature Film","Action & Adventure",101,4.5,703,"Rotten",17,"Spilled",33,"no","no","no","no"
"Kindergarten Cop","Feature Film","Action & Adventure",111,6,103789,"Rotten",51,"Spilled",51,"no","no","no","no"
"In the Loop","Feature Film","Art House & International",106,7.5,42842,"Certified Fresh",94,"Upright",81,"no","no","no","no"
"Cypher","Feature Film","Action & Adventure",95,6.8,26731,"Rotten",58,"Upright",65,"no","no","no","no"
"Love and Death","Feature Film","Drama",85,7.8,26628,"Fresh",100,"Upright",90,"no","no","yes","yes"
"Happy Gilmore","Feature Film","Comedy",92,7,149437,"Fresh",60,"Upright",85,"no","no","no","no"
"Catch a Fire","Feature Film","Drama",101,6.7,9291,"Certified Fresh",76,"Upright",71,"no","no","no","no"
"Run Lola Run","Feature Film","Drama",81,7.8,157701,"Certified Fresh",93,"Upright",90,"no","no","no","no"
"Funny Farm","Feature Film","Comedy",101,6.1,14901,"Fresh",67,"Spilled",50,"no","no","no","yes"
"Winter Kills","Feature Film","Mystery & Suspense",97,6.4,1361,"Fresh",86,"Spilled",51,"no","yes","no","no"
"Waking Life","Feature Film","Drama",99,7.8,47065,"Certified Fresh",80,"Upright",87,"no","no","no","no"
"An Ideal Husband","Feature Film","Comedy",97,6.9,12606,"Certified Fresh",85,"Upright",69,"no","no","yes","no"
"Being John Malkovich","Feature Film","Drama",112,7.8,246587,"Certified Fresh",93,"Upright",87,"no","no","no","no"
"Secondhand Lions","Feature Film","Drama",111,7.6,42208,"Rotten",59,"Upright",84,"no","yes","no","no"
"Politiki Kouzina (A Touch of Spice)","Feature Film","Drama",108,7.6,9216,"Rotten",31,"Upright",86,"no","no","no","no"
"Hellboy II: The Golden Army (Hellboy 2)","Feature Film","Action & Adventure",120,7,201787,"Certified Fresh",85,"Upright",71,"no","no","no","no"
"The Return of the Pink Panther","Feature Film","Mystery & Suspense",113,7.1,19000,"Fresh",89,"Upright",82,"no","no","no","no"
"Love the Beast","Documentary","Documentary",92,7.5,1799,"Fresh",61,"Upright",72,"no","no","no","no"
"200 Cigarettes","Feature Film","Drama",101,5.9,12877,"Rotten",28,"Spilled",59,"no","no","no","no"
"The Wild Geese","Feature Film","Drama",134,6.8,9025,"Fresh",60,"Upright",76,"no","no","no","no"
"The Slumber Party Massacre","Feature Film","Horror",77,5.7,5985,"Rotten",36,"Spilled",45,"no","no","no","no"
"Oliver & Company","Feature Film","Animation",74,6.7,30886,"Rotten",43,"Upright",63,"no","no","no","no"
"No Mercy","Feature Film","Drama",106,5.6,4970,"Rotten",21,"Spilled",29,"no","no","no","no"
"Imagining Argentina","Feature Film","Art House & International",107,6.3,2732,"Rotten",33,"Upright",72,"no","no","yes","no"
"Good Boy!","Feature Film","Comedy",87,5.1,3336,"Rotten",44,"Spilled",40,"no","no","no","no"
"Speed","Feature Film","Mystery & Suspense",116,7.2,252661,"Certified Fresh",93,"Upright",76,"no","no","yes","no"
"Me and You and Everyone We Know","Feature Film","Drama",91,7.4,30641,"Certified Fresh",81,"Upright",84,"no","no","no","no"
"Henry: Portrait of a Serial Killer","Feature Film","Drama",83,7,22601,"Certified Fresh",86,"Upright",71,"no","no","no","no"
"Someone to Watch over Me","Feature Film","Drama",106,6.1,7076,"Fresh",76,"Spilled",42,"no","no","no","no"
"Grease","Feature Film","Other",110,7.2,161601,"Certified Fresh",78,"Upright",88,"no","no","no","no"
"28 Days Later","Feature Film","Science Fiction & Fantasy",113,7.6,285328,"Certified Fresh",87,"Upright",85,"no","no","no","yes"
"Normal","TV Movie","Drama",110,7.3,2598,"Fresh",100,"Upright",75,"no","no","yes","no"
"Winter's Bone","Feature Film","Drama",100,7.2,108598,"Certified Fresh",94,"Upright",76,"no","no","yes","no"
"Your Sister's Sister","Feature Film","Drama",90,6.7,20655,"Certified Fresh",83,"Upright",66,"no","no","no","no"
"Sleepover","Feature Film","Comedy",89,5.3,12322,"Rotten",15,"Spilled",55,"no","no","no","no"
"The Kingdom","Feature Film","Drama",110,7.1,99192,"Rotten",51,"Upright",76,"no","yes","no","no"
"House on Haunted Hill","Feature Film","Mystery & Suspense",93,5.6,44257,"Rotten",28,"Spilled",42,"no","yes","no","no"
"Patch Adams","Feature Film","Drama",115,6.7,77762,"Rotten",22,"Upright",74,"no","yes","no","no"
"Harry Potter and the Chamber of Secrets","Feature Film","Science Fiction & Fantasy",161,7.4,368799,"Certified Fresh",82,"Upright",79,"no","no","no","no"
"The Heavenly Kid","Feature Film","Drama",90,6.2,2830,"Rotten",25,"Upright",64,"no","no","no","no"
"Snow Flower And The Secret Fan","Feature Film","Art House & International",104,6,2960,"Rotten",21,"Spilled",48,"no","no","no","no"
"Apollo 18","Feature Film","Science Fiction & Fantasy",86,5.2,46233,"Rotten",24,"Spilled",23,"no","no","no","no"
"Total Eclipse","Feature Film","Art House & International",111,6.5,9980,"Rotten",25,"Upright",61,"no","no","no","no"
"Hoodlum","Feature Film","Drama",130,6.2,8016,"Rotten",45,"Upright",66,"no","no","no","no"
"National Security","Feature Film","Drama",88,5.6,37938,"Rotten",11,"Spilled",45,"no","no","no","no"
"Down in the Valley","Feature Film","Other",108,6.5,16480,"Rotten",52,"Spilled",54,"no","no","no","no"
"Young Adult","Feature Film","Drama",94,6.3,63219,"Certified Fresh",80,"Spilled",49,"no","no","yes","no"
"The Man Who Sued God","Feature Film","Drama",97,6.5,4251,"Fresh",71,"Spilled",59,"no","no","no","no"
"Compliance","Feature Film","Drama",90,6.4,23697,"Certified Fresh",89,"Upright",60,"no","no","no","no"
"I Spit On Your Grave","Feature Film","Horror",108,6.3,53675,"Rotten",34,"Spilled",48,"no","no","no","no"
"Maniac","Feature Film","Drama",87,6.5,9787,"Rotten",43,"Spilled",58,"no","no","no","no"
"Dog Park","Feature Film","Comedy",91,5.1,1978,"Rotten",36,"Spilled",28,"no","no","no","no"
"The Brothers Solomon","Feature Film","Comedy",93,5.3,9370,"Rotten",15,"Spilled",31,"no","no","no","no"
"Maurice","Feature Film","Drama",140,7.8,10380,"Fresh",91,"Upright",87,"no","no","no","no"
"The Last Boy Scout","Feature Film","Drama",105,6.9,73280,"Rotten",42,"Upright",68,"no","no","no","no"
"Alligator","Feature Film","Science Fiction & Fantasy",91,5.9,7656,"Fresh",67,"Spilled",47,"no","no","no","no"
"Jennifer 8","Feature Film","Mystery & Suspense",124,6.2,11855,"Rotten",39,"Spilled",37,"no","no","no","no"
"RoboCop","Feature Film","Drama",102,7.5,172765,"Certified Fresh",88,"Upright",83,"no","no","no","no"
"The Football Factory","Feature Film","Documentary",91,6.9,23201,"Rotten",20,"Upright",84,"no","no","no","no"
"Bamboozled","Feature Film","Drama",135,6.4,8604,"Rotten",48,"Upright",74,"no","no","no","no"
"The Sure Thing","Feature Film","Comedy",100,7,14949,"Fresh",87,"Upright",79,"no","no","no","no"
"The Slaughter Rule","Feature Film","Drama",112,6.1,1995,"Fresh",73,"Spilled",44,"no","no","no","no"
"Rise of the Footsoldier","Feature Film","Action & Adventure",119,6.9,15806,"Rotten",14,"Upright",84,"no","no","no","no"
"Hollywood Homicide","Feature Film","Action & Adventure",116,5.3,30694,"Rotten",30,"Spilled",27,"no","no","no","no"
"Morning Glory","Feature Film","Comedy",107,6.5,56888,"Rotten",56,"Spilled",51,"no","no","yes","no"
"11'09''01 - September 11","Feature Film","Drama",134,7,4821,"Certified Fresh",78,"Upright",64,"no","yes","no","no"
"Clownhouse","Feature Film","Horror",81,5.8,3145,"Rotten",40,"Spilled",41,"no","no","no","no"
"Rampart","Feature Film","Drama",108,5.8,19115,"Certified Fresh",74,"Spilled",35,"no","no","no","no"
"Cashback","Feature Film","Drama",102,7.2,70994,"Rotten",46,"Upright",78,"no","no","no","no"
"The Host","Feature Film","Drama",120,7,66233,"Certified Fresh",92,"Upright",72,"no","no","no","no"
"Aspen Extreme","Feature Film","Drama",113,5.8,2295,"Rotten",22,"Upright",66,"no","no","no","no"
"Nomads","Feature Film","Drama",91,5.5,2698,"Rotten",13,"Spilled",37,"no","no","no","no"
"Deconstructing Harry","Feature Film","Comedy",96,7.4,34652,"Fresh",71,"Upright",82,"no","no","no","yes"
"The End of America","Documentary","Documentary",NA,7.5,739,"Fresh",80,"Upright",72,"no","no","no","no"
"Hot Shots! Part Deux","Feature Film","Action & Adventure",86,6.6,64489,"Rotten",59,"Upright",63,"no","no","no","no"
"Control","Feature Film","Musical & Performing Arts",122,7.8,49985,"Certified Fresh",87,"Upright",89,"no","no","no","no"
"Lassie","Feature Film","Action & Adventure",94,5.8,3649,"Fresh",87,"Spilled",56,"no","no","no","no"
"What Richard Did","Feature Film","Drama",88,6.3,3359,"Fresh",93,"Upright",62,"no","no","no","no"
"Emperor","Feature Film","Mystery & Suspense",105,6.5,10020,"Rotten",31,"Spilled",46,"no","no","no","no"
"Hereafter","Feature Film","Mystery & Suspense",129,6.5,78726,"Rotten",46,"Spilled",38,"no","no","no","yes"
"Aladdin","Feature Film","Action & Adventure",90,8,246907,"Certified Fresh",94,"Upright",92,"no","no","no","no"
"The King of Comedy","Feature Film","Drama",109,7.8,49374,"Certified Fresh",89,"Upright",89,"no","yes","no","yes"
"Bound","Feature Film","Mystery & Suspense",108,7.4,40001,"Fresh",92,"Upright",82,"no","no","no","no"
"The Pact","Feature Film","Horror",89,5.8,18670,"Fresh",65,"Spilled",41,"no","no","no","no"
"Electric Dreams","Feature Film","Drama",95,6.5,5149,"Rotten",47,"Upright",72,"no","no","no","no"
"Bull Durham","Feature Film","Drama",108,7.1,35577,"Certified Fresh",97,"Upright",83,"no","no","yes","no"
"Man on Wire","Documentary","Documentary",94,7.9,38076,"Certified Fresh",100,"Upright",87,"no","no","no","no"
"Epic Movie","Feature Film","Action & Adventure",86,2.3,87652,"Rotten",2,"Spilled",29,"no","no","no","no"
"Below","Feature Film","Mystery & Suspense",105,6.2,17329,"Fresh",63,"Spilled",45,"no","no","no","no"
"The Captive","Feature Film","Mystery & Suspense",112,5.9,16511,"Rotten",31,"Spilled",34,"no","no","no","no"
"The Saddest Music in the World","Feature Film","Drama",100,7.2,5002,"Certified Fresh",78,"Upright",79,"no","no","no","no"
"The Godfather, Part II","Feature Film","Mystery & Suspense",202,9,749783,"Certified Fresh",97,"Upright",97,"yes","yes","yes","yes"
"Phantom of the Paradise","Feature Film","Horror",92,7.4,10599,"Fresh",95,"Upright",84,"no","no","no","no"
"Twenty Bucks","Feature Film","Drama",91,6.4,3101,"Fresh",75,"Upright",63,"no","no","no","no"
"Alaska","Feature Film","Action & Adventure",109,5.7,4180,"Rotten",18,"Spilled",44,"no","yes","no","no"
"Running on Empty","Feature Film","Musical & Performing Arts",116,7.7,9904,"Fresh",85,"Upright",68,"no","no","no","no"
"Godzilla Vs Mechagodzilla","Feature Film","Art House & International",84,6.3,3428,"Fresh",67,"Upright",61,"no","no","no","no"
"49 Up","Documentary","Documentary",180,8.2,2056,"Certified Fresh",95,"Upright",86,"no","no","no","no"
"This is 40","Feature Film","Comedy",134,6.2,100447,"Rotten",51,"Spilled",50,"no","no","no","no"
"Fair Game","Feature Film","Drama",108,6.8,37506,"Certified Fresh",79,"Upright",65,"no","yes","no","no"
"Hercules","Feature Film","Action & Adventure",98,6,109633,"Fresh",60,"Spilled",49,"no","no","no","no"
"Max Manus: Man of War","Feature Film","Drama",118,7.3,21443,"Fresh",80,"Upright",83,"no","no","no","no"
"Curdled","Feature Film","Drama",88,5.9,4031,"Rotten",17,"Spilled",57,"no","no","no","no"
"The Omen","Feature Film","Mystery & Suspense",110,5.5,47692,"Rotten",27,"Spilled",40,"no","no","no","no"
"A Night at the Roxbury","Feature Film","Comedy",82,6.2,47343,"Rotten",11,"Upright",69,"no","no","no","no"
"Tank Girl","Feature Film","Action & Adventure",104,5.2,24084,"Rotten",38,"Upright",63,"no","no","no","no"
"Missing","Feature Film","Mystery & Suspense",122,7.8,13215,"Fresh",96,"Upright",85,"no","yes","yes","no"
"Point Break","Feature Film","Mystery & Suspense",122,7.2,105982,"Fresh",68,"Upright",79,"no","no","no","yes"
"Shall We Dance","Feature Film","Drama",106,6.1,34461,"Rotten",46,"Spilled",57,"no","no","yes","no"
"Malibu's Most Wanted","Feature Film","Comedy",86,5.1,15714,"Rotten",31,"Spilled",53,"no","no","no","no"
"The Evening Star","Feature Film","Drama",129,5.8,3358,"Rotten",23,"Upright",65,"no","no","yes","no"
"Cloud Atlas","Feature Film","Drama",172,7.5,275125,"Fresh",66,"Upright",66,"no","yes","yes","no"
"Fire Down Below","Feature Film","Action & Adventure",105,4.9,13280,"Rotten",11,"Spilled",35,"no","no","no","no"
"The Five Heartbeats","Feature Film","Musical & Performing Arts",121,7.5,2551,"Rotten",38,"Upright",95,"no","no","no","no"
"Porky's Revenge","Feature Film","Art House & International",92,4.6,5863,"Rotten",27,"Spilled",33,"no","no","no","no"
"Disaster Movie","Feature Film","Comedy",87,1.9,73219,"Rotten",1,"Spilled",19,"no","no","no","no"
"Teen Wolf Too","Feature Film","Science Fiction & Fantasy",95,3.1,8319,"Rotten",7,"Spilled",17,"no","no","no","no"
"The Fighter","Feature Film","Other",116,7.9,265725,"Certified Fresh",90,"Upright",89,"no","no","no","no"
"A Little Romance","Feature Film","Drama",110,7.5,3859,"Fresh",72,"Upright",86,"no","yes","no","yes"
"First Knight","Feature Film","Drama",134,5.9,53535,"Rotten",47,"Spilled",55,"no","no","no","no"
"Tabloid","Documentary","Documentary",87,7.1,4907,"Certified Fresh",91,"Upright",72,"no","no","no","no"
"The Hurt Locker","Feature Film","Drama",131,7.6,318019,"Certified Fresh",98,"Upright",84,"yes","no","no","yes"
"Benda Bilili!","Documentary","Documentary",85,7.5,679,"Fresh",93,"Upright",82,"no","no","no","no"
"Memento","Feature Film","Mystery & Suspense",113,8.5,806911,"Certified Fresh",92,"Upright",94,"no","no","no","no"
"A Prayer for the Dying","Feature Film","Drama",107,6.4,3342,"Fresh",63,"Spilled",55,"no","no","no","no"
"Jonestown: The Life and Death of Peoples Temple","Documentary","Documentary",86,7.9,3649,"Certified Fresh",94,"Upright",88,"no","no","no","no"
"So I Married an Axe Murderer","Feature Film","Comedy",93,6.4,27417,"Rotten",55,"Upright",68,"no","no","no","no"
"Ziggy Stardust and the Spiders from Mars","Documentary","Documentary",90,7.5,1815,"Fresh",71,"Upright",89,"no","no","no","no"
"Conversations With Other Women","Feature Film","Drama",84,7.1,9939,"Fresh",74,"Upright",76,"no","no","no","no"
"Sleepwalking","Feature Film","Drama",101,6.2,4857,"Rotten",17,"Spilled",43,"no","no","yes","no"
"Next Stop, Greenwich Village","Feature Film","Drama",111,6.9,1428,"Fresh",73,"Upright",62,"no","no","no","no"
"Dream House","Feature Film","Mystery & Suspense",92,5.9,44248,"Rotten",6,"Spilled",36,"no","no","no","no"
"Resurrecting the Champ","Feature Film","Drama",112,6.8,18141,"Fresh",60,"Upright",60,"no","no","no","no"
"The Help","Feature Film","Drama",146,8.1,303529,"Certified Fresh",76,"Upright",89,"no","no","no","no"
"A Scanner Darkly","Feature Film","Drama",100,7.1,86953,"Fresh",69,"Upright",74,"no","no","no","no"
"Hard Candy","Feature Film","Drama",104,7.1,128361,"Fresh",68,"Upright",78,"no","no","no","no"
"This Is the End","Feature Film","Drama",107,6.7,297034,"Certified Fresh",83,"Upright",71,"no","no","no","no"
"Longtime Companion","Feature Film","Drama",96,7.6,4143,"Fresh",100,"Upright",82,"no","no","no","no"
"The Last Lions","Documentary","Documentary",88,8.4,3128,"Fresh",87,"Upright",89,"no","yes","no","no"
"Aguirre, der Zorn Gottes (Aguirre, the Wrath of God)","Feature Film","Drama",93,8,36909,"Fresh",98,"Upright",91,"no","no","no","no"
"The Main Event","Feature Film","Other",112,5.8,1816,"Rotten",38,"Spilled",44,"no","no","no","no"
"Inserts","Feature Film","Drama",117,6.4,1043,"Fresh",80,"Spilled",56,"no","yes","no","no"
"Star Trek: Insurrection","Feature Film","Action & Adventure",103,6.4,54829,"Rotten",55,"Spilled",45,"no","no","no","no"
"Valmont","Feature Film","Drama",137,7,9725,"Rotten",54,"Upright",70,"no","yes","no","no"
"Kill Bill: Volume 2","Feature Film","Drama",137,8,490295,"Certified Fresh",84,"Upright",89,"no","no","no","no"
"8 Heads in a Duffel Bag","Feature Film","Comedy",95,5.2,7881,"Rotten",11,"Spilled",35,"no","no","no","no"
"Meteor","Feature Film","Drama",108,4.9,5136,"Rotten",5,"Spilled",13,"no","no","no","no"
"Dance Flick","Feature Film","Action & Adventure",83,3.5,10055,"Rotten",18,"Spilled",30,"no","no","no","no"
"Stolen Summer","Feature Film","Drama",91,6.5,2408,"Rotten",36,"Upright",68,"no","no","no","no"
"1941","Feature Film","Action & Adventure",118,5.9,24472,"Rotten",32,"Spilled",49,"no","no","no","yes"
"Underworld: The Rise of the Lycans","Feature Film","Action & Adventure",92,6.6,115026,"Rotten",29,"Upright",63,"no","no","no","no"
"After Innocence","Documentary","Documentary",95,7.8,651,"Certified Fresh",91,"Upright",81,"no","no","no","no"
"Tim and Eric's Billion Dollar Movie","Feature Film","Comedy",93,5.3,7710,"Rotten",38,"Spilled",47,"no","no","no","no"
"Mr. Jones","Feature Film","Drama",114,5.7,5425,"Rotten",46,"Spilled",51,"no","no","yes","no"
"Goin' South","Feature Film","Other",105,6.3,4550,"Fresh",71,"Spilled",50,"no","yes","no","no"
"Russian Dolls (Les Poupees Russes)","Feature Film","Other",125,7,16262,"Fresh",72,"Upright",78,"no","no","no","no"
"My Flesh and Blood","Documentary","Documentary",83,8.4,1571,"Fresh",90,"Upright",93,"no","no","no","no"
"Revenge of the Nerds II: Nerds in Paradise","Feature Film","Comedy",88,4.9,10271,"Rotten",8,"Spilled",35,"no","no","no","no"
"Hulk","Feature Film","Action & Adventure",138,5.7,204042,"Fresh",61,"Spilled",29,"no","no","no","yes"
"Vampire in Brooklyn","Feature Film","Horror",100,4.5,16824,"Rotten",10,"Spilled",31,"no","no","no","no"
"George Washington","Feature Film","Art House & International",89,7.5,6061,"Certified Fresh",84,"Upright",85,"no","no","no","no"
"Agent Cody Banks 2: Destination London","Feature Film","Action & Adventure",100,4.5,10651,"Rotten",13,"Spilled",31,"no","no","no","no"
"Into The Arms Of Strangers - Stories Of The Kindertransport","Documentary","Documentary",122,7.9,1346,"Fresh",94,"Upright",85,"no","no","no","no"
"The Take","Feature Film","Drama",96,5.8,1886,"Fresh",85,"Spilled",49,"no","no","no","no"
"A Star is Born","Feature Film","Drama",139,6.5,4874,"Rotten",31,"Upright",69,"no","no","yes","no"
"The Belly of an Architect","Feature Film","Drama",119,7,4121,"Fresh",91,"Upright",80,"no","no","no","no"
"Veronica Mars","Feature Film","Drama",107,6.8,40133,"Certified Fresh",78,"Upright",79,"no","no","no","no"
"Kaena: The Prophecy","Feature Film","Action & Adventure",85,6.2,3416,"Rotten",7,"Spilled",43,"no","no","no","no"
"Ghost Ship","Feature Film","Horror",91,5.5,73617,"Rotten",14,"Spilled",37,"no","no","no","no"
"21 Grams","Feature Film","Drama",124,7.7,183747,"Certified Fresh",80,"Upright",86,"no","yes","no","yes"
"Date Night","Feature Film","Comedy",88,6.3,123588,"Fresh",67,"Spilled",55,"no","no","no","no"
"Anchorman 2: The Legend Continues","Feature Film","Comedy",119,6.3,124250,"Certified Fresh",75,"Spilled",52,"no","no","no","no"
"Thunderheart","Feature Film","Drama",119,6.8,11103,"Fresh",87,"Upright",75,"no","no","no","no"
"Guess Who","Feature Film","Comedy",105,5.9,33040,"Rotten",43,"Spilled",49,"no","no","no","no"
"Brubaker","Feature Film","Drama",131,7.1,11236,"Fresh",75,"Upright",74,"no","no","no","no"
"Jagged Edge","Feature Film","Mystery & Suspense",108,6.4,9946,"Fresh",82,"Spilled",58,"no","yes","no","no"
"The Last Remake of Beau Geste","Feature Film","Action & Adventure",85,6,1680,"Rotten",33,"Upright",65,"no","no","no","no"
"Melancholia","Feature Film","Drama",130,7.1,122980,"Certified Fresh",79,"Upright",67,"no","no","no","no"
"Boomerang","Feature Film","Comedy",117,5.4,19603,"Rotten",40,"Upright",60,"no","no","yes","no"
"The Ritz","Feature Film","Art House & International",91,7.8,1663,"Rotten",40,"Upright",83,"no","no","no","no"
"The Man with the Golden Gun","Feature Film","Drama",125,6.8,71141,"Rotten",45,"Spilled",57,"no","no","no","no"
"Hellraiser - Bloodline","Feature Film","Science Fiction & Fantasy",85,5,13790,"Rotten",25,"Spilled",37,"no","no","no","no"
"The Butcher's Wife","Feature Film","Other",107,5.3,5374,"Rotten",21,"Spilled",29,"no","no","yes","no"
"Diner","Feature Film","Drama",110,7.2,14589,"Fresh",91,"Upright",78,"no","no","no","yes"
"Cecil B. Demented","Feature Film","Comedy",87,6.2,11259,"Rotten",53,"Upright",67,"no","no","no","no"
"Ragtime","Feature Film","Drama",155,7.3,6472,"Fresh",90,"Upright",76,"no","yes","no","no"
"One Day","Feature Film","Drama",107,7,100416,"Rotten",36,"Spilled",49,"no","no","no","no"
"Rambling Rose","Feature Film","Drama",112,6.7,3866,"Fresh",100,"Spilled",51,"no","yes","no","no"
"Cameraman: The Life And Work Of Jack Cardiff","Documentary","Documentary",86,7.8,872,"Fresh",96,"Upright",92,"no","yes","no","no"
"I Am Bruce Lee","Documentary","Documentary",94,7.5,2928,"Fresh",67,"Upright",78,"no","no","no","no"
"Let It Be","Documentary","Documentary",81,7.9,3887,"Fresh",82,"Upright",87,"no","no","no","no"
"The Groove Tube","Feature Film","Other",75,5.9,1607,"Rotten",13,"Upright",60,"no","no","no","no"
"Brighton Rock","Feature Film","Mystery & Suspense",111,5.8,4904,"Rotten",51,"Spilled",32,"no","no","yes","no"
"The Disappearance of Alice Creed","Feature Film","Mystery & Suspense",96,6.8,19937,"Certified Fresh",82,"Upright",67,"no","no","no","no"
"Sgt. Bilko","Feature Film","Comedy",93,5.7,17384,"Rotten",32,"Spilled",47,"no","no","no","no"
"One Night at McCool's","Feature Film","Comedy",93,6.1,25683,"Rotten",33,"Spilled",39,"no","yes","no","no"
"V.I. Warshawski","Feature Film","Drama",89,4.8,3883,"Rotten",17,"Spilled",24,"no","no","no","no"
"Glory","Feature Film","Drama",122,7.9,99582,"Certified Fresh",93,"Upright",93,"no","yes","no","no"
"Carnosaur","Feature Film","Horror",83,3.4,2959,"Rotten",11,"Spilled",24,"no","no","no","no"
"The Ninth Gate","Feature Film","Mystery & Suspense",133,6.7,134031,"Rotten",41,"Spilled",57,"no","no","no","no"
"New York Minute","Feature Film","Action & Adventure",91,4.8,17190,"Rotten",11,"Spilled",47,"no","no","no","no"
"Blue Valentine","Feature Film","Drama",112,7.4,135840,"Certified Fresh",88,"Upright",77,"no","no","no","no"
"The Jazz Singer","Feature Film","Musical & Performing Arts",115,5.7,2897,"Rotten",15,"Upright",72,"no","yes","no","no"
"The Other Sister","Feature Film","Drama",129,6.4,10126,"Rotten",29,"Upright",72,"no","no","yes","no"
"The Astronaut Farmer","Feature Film","Drama",104,6.3,19383,"Rotten",57,"Spilled",49,"no","no","no","no"
"Modigliani","Feature Film","Art House & International",128,7.4,8030,"Rotten",4,"Upright",78,"no","no","no","no"
"Inbred","Feature Film","Art House & International",90,5.3,3461,"Rotten",13,"Spilled",29,"no","no","no","no"
"Pooh's Heffalump Movie","Feature Film","Animation",68,6.4,3970,"Certified Fresh",79,"Upright",70,"no","no","no","no"
"Good Will Hunting","Feature Film","Drama",126,8.3,572236,"Certified Fresh",97,"Upright",94,"no","no","no","no"
"Town & Country","Feature Film","Drama",104,4.3,4072,"Rotten",13,"Spilled",14,"no","no","yes","no"
"Happy Feet","Feature Film","Animation",108,6.5,126257,"Certified Fresh",75,"Upright",70,"no","no","yes","no"
"Deck the Halls","Feature Film","Comedy",93,4.9,15491,"Rotten",6,"Spilled",30,"no","no","no","no"
"Simone","Feature Film","Drama",117,6.1,51070,"Rotten",51,"Spilled",35,"no","yes","no","no"
"The Adjuster","Feature Film","Drama",102,6.8,2530,"Fresh",73,"Upright",73,"no","no","no","no"
"Turistas (Paradise Lost)","Feature Film","Drama",93,5.3,30495,"Rotten",16,"Spilled",28,"no","no","no","no"
"New In Town","Feature Film","Comedy",97,5.6,16955,"Rotten",29,"Spilled",37,"no","no","no","no"
"The Prestige","Feature Film","Drama",130,8.5,797101,"Certified Fresh",76,"Upright",92,"no","no","no","no"
"Waist Deep","Feature Film","Drama",97,5.9,8059,"Rotten",27,"Upright",76,"no","no","no","no"
"The Science of Sleep","Feature Film","Drama",105,7.3,60483,"Fresh",71,"Upright",81,"no","no","no","no"
"Gracie","Feature Film","Drama",95,6.2,3602,"Fresh",60,"Spilled",58,"no","no","no","no"
"See No Evil, Hear No Evil","Feature Film","Action & Adventure",103,6.8,34802,"Rotten",18,"Upright",72,"no","yes","no","no"
"The Safety of Objects","Feature Film","Mystery & Suspense",121,6.6,3730,"Rotten",49,"Upright",66,"no","no","no","no"
"Dumb and Dumberer: When Harry Met Lloyd","Feature Film","Comedy",85,3.4,30085,"Rotten",10,"Spilled",23,"no","no","no","no"
"The Little Rascals","Feature Film","Comedy",82,6.3,32737,"Rotten",25,"Upright",70,"no","no","no","no"
"Moonstruck","Feature Film","Drama",102,7.1,34307,"Certified Fresh",92,"Upright",81,"no","yes","yes","no"
"World Trade Center","Feature Film","Drama",129,6,66171,"Fresh",68,"Upright",60,"no","yes","no","yes"
"The Portrait of a Lady","Feature Film","Drama",144,6.3,8685,"Rotten",43,"Spilled",52,"no","no","yes","no"
"The Postman","Feature Film","Action & Adventure",177,5.9,54597,"Rotten",9,"Spilled",49,"no","no","no","yes"
"Mixed Nuts","Feature Film","Comedy",97,5.3,7862,"Rotten",7,"Spilled",46,"no","no","no","no"
"While You Were Sleeping","Feature Film","Drama",103,6.6,68871,"Certified Fresh",80,"Upright",79,"no","no","yes","no"
"No Country for Old Men","Feature Film","Drama",122,8.1,582091,"Certified Fresh",93,"Upright",86,"yes","no","no","yes"
"Pootie Tang","Feature Film","Comedy",81,5.1,11156,"Rotten",29,"Upright",63,"no","no","no","no"
"Sans Soleil","Documentary","Documentary",100,8.2,6345,"Fresh",92,"Upright",88,"no","no","no","no"
"The Secret Life of Words","Feature Film","Art House & International",115,7.5,9990,"Fresh",71,"Upright",86,"no","no","no","no"
"Dare","Feature Film","Drama",92,5.9,3473,"Fresh",60,"Spilled",34,"no","no","no","no"
"Formula 51","Feature Film","Action & Adventure",93,6.3,42295,"Rotten",25,"Spilled",59,"no","no","no","no"
"The Fifth Element","Feature Film","Drama",126,7.6,329613,"Fresh",71,"Upright",87,"no","no","no","no"
"The Frozen Ground","Feature Film","Mystery & Suspense",105,6.4,42408,"Fresh",60,"Spilled",50,"no","yes","no","no"
"Ice Age: Continental Drift","Feature Film","Action & Adventure",88,6.7,137222,"Rotten",37,"Upright",62,"no","no","no","no"
"Showtime","Feature Film","Comedy",95,5.5,51366,"Rotten",25,"Spilled",25,"no","yes","no","no"
"The Greatest Game Ever Played","Feature Film","Drama",120,7.5,21623,"Fresh",63,"Upright",82,"no","no","no","no"
"Grizzly Man","Documentary","Documentary",103,7.8,39320,"Certified Fresh",93,"Upright",85,"no","no","no","no"
"Galaxina","Feature Film","Science Fiction & Fantasy",95,3.4,1915,"Rotten",17,"Spilled",26,"no","no","no","no"
"Oh, God! Book II","Feature Film","Comedy",94,5.1,1674,"Rotten",50,"Spilled",38,"no","no","no","no"
"Micki + Maude","Feature Film","Comedy",118,5.9,2096,"Fresh",67,"Spilled",45,"no","no","no","no"
"Bootmen","Feature Film","Drama",95,6.2,1935,"Rotten",35,"Upright",70,"no","no","no","no"
"My Dinner with Andre","Feature Film","Drama",110,7.8,10522,"Fresh",91,"Upright",86,"no","no","no","no"
"Mother's Boys","Feature Film","Mystery & Suspense",96,5.4,2380,"Rotten",43,"Spilled",28,"no","no","no","no"
"Robin Hood","Feature Film","Action & Adventure",83,7.6,78862,"Rotten",50,"Upright",81,"no","no","no","no"
"Ghost Rider: Spirit of Vengeance","Feature Film","Action & Adventure",96,4.3,83724,"Rotten",17,"Spilled",32,"no","yes","no","no"
"Naked Lunch","Feature Film","Drama",115,7.1,34298,"Fresh",71,"Upright",77,"no","no","no","no"
"Theremin: An Electronic Odyssey","Documentary","Documentary",83,7.4,830,"Fresh",100,"Upright",72,"no","no","no","no"
"The Whole Wide World","Feature Film","Drama",111,7.3,2869,"Fresh",81,"Upright",72,"no","no","no","no"
"Hostel","Feature Film","Horror",94,5.9,134510,"Fresh",61,"Spilled",53,"no","no","no","no"
"Swordfish","Feature Film","Drama",99,6.5,152216,"Rotten",26,"Upright",60,"no","no","yes","no"
"Dark Skies","Feature Film","Mystery & Suspense",97,6.3,54771,"Rotten",40,"Spilled",49,"no","no","no","no"
"The Distinguished Gentleman","Feature Film","Comedy",112,5.8,11838,"Rotten",13,"Spilled",36,"no","no","no","no"
"The Time Traveler's Wife","Feature Film","Drama",107,7.1,110540,"Rotten",38,"Spilled",59,"no","no","no","no"
"Breathless","Feature Film","Drama",100,5.7,6343,"Fresh",67,"Spilled",49,"no","no","no","no"
"Love Actually","Feature Film","Comedy",135,7.7,309494,"Fresh",63,"Upright",73,"no","yes","yes","no"
"Oh, God!","Feature Film","Science Fiction & Fantasy",98,6.5,6909,"Fresh",72,"Spilled",59,"no","no","no","no"
"Bookies","Feature Film","Drama",88,6,1890,"Fresh",67,"Spilled",49,"no","no","no","no"
"Live and Let Die","Feature Film","Mystery & Suspense",121,6.8,72176,"Fresh",66,"Upright",65,"no","no","no","no"
"What's Cooking?","Feature Film","Drama",109,7.1,2271,"Rotten",52,"Upright",64,"no","no","no","no"
"The Funeral","Feature Film","Drama",99,6.6,6804,"Fresh",79,"Upright",68,"no","no","no","no"
"Safe House","Feature Film","Mystery & Suspense",115,6.8,161101,"Rotten",53,"Upright",64,"no","no","no","no"
"Welcome to Mooseport","Feature Film","Comedy",110,5.2,10535,"Rotten",13,"Spilled",19,"no","yes","no","no"
"Trainspotting","Feature Film","Drama",94,8.2,448434,"Certified Fresh",89,"Upright",93,"no","no","no","yes"
"I Wanna Hold Your Hand","Feature Film","Drama",104,6.9,2931,"Fresh",83,"Upright",76,"no","no","no","yes"
"UHF","Feature Film","Other",97,7,21009,"Fresh",63,"Upright",77,"no","no","no","no"
"Lola Versus","Feature Film","Comedy",87,5.4,6811,"Rotten",35,"Spilled",31,"no","no","no","no"
"Countdown to Zero","Documentary","Documentary",89,6.9,1943,"Certified Fresh",81,"Upright",72,"no","no","no","no"
"The Imposter","Documentary","Documentary",99,7.5,32338,"Certified Fresh",95,"Upright",78,"no","no","no","no"
"The Perfect Score","Feature Film","Drama",93,5.7,19161,"Rotten",17,"Spilled",44,"no","no","no","no"
"A Perfect Getaway","Feature Film","Mystery & Suspense",98,6.5,54871,"Fresh",61,"Spilled",52,"no","no","no","no"
"Death Line (Raw Meat)","Feature Film","Horror",87,6,2433,"Fresh",86,"Spilled",44,"no","no","no","no"
"Things to Do in Denver...When You're Dead","Feature Film","Drama",115,6.8,21924,"Rotten",33,"Upright",73,"no","no","no","no"
"Mad Max 2: The Road Warrior","Feature Film","Action & Adventure",95,7.6,128298,"Certified Fresh",98,"Upright",85,"no","no","no","no"
"My Girl 2","Feature Film","Drama",99,5.1,14559,"Rotten",27,"Spilled",46,"no","no","no","no"
"Candy","Feature Film","Drama",116,7.3,34926,"Rotten",49,"Upright",77,"no","yes","no","no"
"The Secret Garden","Feature Film","Drama",101,7.3,27097,"Certified Fresh",85,"Upright",80,"no","no","yes","no"
"Get on the Bus","Feature Film","Drama",120,6.8,4021,"Certified Fresh",88,"Upright",71,"no","no","no","no"
"Ghosts of Abu Ghraib","Documentary","Documentary",78,8,764,"Fresh",100,"Upright",91,"no","no","no","no"
"Punchline","Feature Film","Drama",128,5.8,6418,"Rotten",50,"Spilled",42,"no","yes","yes","no"
"Bridget Jones - The Edge of Reason","Feature Film","Drama",108,5.9,70737,"Rotten",27,"Upright",61,"no","yes","no","no"
"Code Name: The Cleaner","Feature Film","Action & Adventure",84,4.5,9656,"Rotten",4,"Spilled",37,"no","no","no","no"
"Fast & Furious","Feature Film","Mystery & Suspense",107,6.6,193702,"Rotten",28,"Upright",67,"no","no","no","no"
"House of 1000 Corpses","Feature Film","Horror",89,6,59076,"Rotten",19,"Upright",65,"no","no","no","no"
"What Women Want","Feature Film","Comedy",127,6.4,154148,"Rotten",54,"Spilled",54,"no","no","yes","no"
"River's Edge","Feature Film","Drama",99,7.1,11377,"Fresh",87,"Upright",76,"no","no","no","no"
"The Babysitter","Feature Film","Mystery & Suspense",90,4.2,3302,"Rotten",17,"Spilled",15,"no","no","no","no"
"Saint of 9/11","Documentary","Documentary",90,7.8,180,"Fresh",84,"Upright",79,"no","no","no","no"
"Black Death","Feature Film","Drama",102,6.4,34253,"Fresh",68,"Spilled",49,"no","yes","no","no"
"Little Manhattan","Feature Film","Drama",84,7.6,17960,"Fresh",77,"Upright",86,"no","no","no","no"
"In Search of Beethoven","Documentary","Musical & Performing Arts",139,7.5,281,"Fresh",92,"Upright",77,"no","no","no","no"
"Taps","Feature Film","Drama",126,6.7,12498,"Fresh",75,"Upright",67,"no","yes","no","no"
"Planes, Trains and Automobiles","Feature Film","Comedy",93,7.6,86831,"Certified Fresh",94,"Upright",87,"no","no","no","no"
"Mirrors","Feature Film","Mystery & Suspense",110,6.2,83424,"Rotten",14,"Spilled",44,"no","no","no","no"
"A Shot at Glory","Feature Film","Drama",114,6.3,1803,"Fresh",67,"Upright",65,"no","no","no","no"
"Flipped","Feature Film","Drama",90,7.7,56919,"Rotten",55,"Upright",78,"no","no","no","no"
"Sweet Sixteen","Feature Film","Drama",106,7.5,10250,"Certified Fresh",97,"Upright",87,"no","no","no","no"
"Cold Creek Manor","Feature Film","Mystery & Suspense",118,4.9,18005,"Rotten",12,"Spilled",22,"no","no","no","no"
"Snake Eyes","Feature Film","Drama",98,5.9,62773,"Rotten",40,"Spilled",35,"no","yes","no","no"
"Croupier","Feature Film","Mystery & Suspense",94,7.2,15444,"Certified Fresh",98,"Upright",80,"no","no","no","no"
"What About Bob?","Feature Film","Drama",99,7,48756,"Fresh",83,"Upright",79,"no","yes","no","no"
"The Ex","Feature Film","Comedy",89,5.6,14986,"Rotten",19,"Spilled",32,"no","no","no","no"
"A Haunted House 2","Feature Film","Comedy",86,4.7,13525,"Rotten",8,"Spilled",44,"no","no","no","no"
"Real Steel","Feature Film","Drama",127,7.1,246343,"Fresh",60,"Upright",73,"no","no","no","no"
"Wanted","Feature Film","Action & Adventure",110,6.7,290958,"Certified Fresh",72,"Upright",69,"no","no","no","no"
"Thieves Like Us","Feature Film","Drama",123,7.1,3146,"Fresh",89,"Upright",71,"no","no","yes","no"
"In Dreams","Feature Film","Mystery & Suspense",100,5.5,10886,"Rotten",25,"Spilled",39,"no","no","no","no"
"Mallrats","Feature Film","Comedy",94,7.2,96471,"Rotten",55,"Upright",82,"no","no","no","no"
"Medicine Man","Feature Film","Drama",106,5.9,17101,"Rotten",20,"Spilled",46,"no","no","no","no"
"Sea Monsters: A Prehistoric Adventure","Documentary","Documentary",40,7,723,"Fresh",100,"Upright",68,"no","no","no","no"
"Ray","Feature Film","Drama",152,7.7,106171,"Certified Fresh",81,"Upright",87,"no","yes","no","no"
"Coach Carter","Feature Film","Drama",136,7.2,88777,"Fresh",65,"Upright",85,"no","no","no","no"
"Training Day","Feature Film","Drama",122,7.7,294683,"Fresh",72,"Upright",89,"no","yes","no","no"
"Saturday Night Fever","Feature Film","Drama",118,6.8,51534,"Certified Fresh",88,"Upright",71,"no","no","no","no"
"The Mother","Feature Film","Drama",112,6.9,3487,"Certified Fresh",77,"Upright",62,"no","no","no","no"
"Under Fire","Feature Film","Mystery & Suspense",128,7.1,5115,"Fresh",88,"Upright",68,"no","yes","no","no"
"Hairspray","Feature Film","Drama",92,6.9,15449,"Fresh",97,"Upright",80,"no","no","no","no"
"Sweet Liberty","Feature Film","Comedy",106,5.7,2181,"Fresh",75,"Spilled",34,"no","no","no","no"
"Urban Cowboy","Feature Film","Other",132,6.2,9832,"Fresh",77,"Upright",81,"no","no","no","no"
"Shooter","Feature Film","Drama",124,7.2,247105,"Rotten",48,"Upright",80,"no","no","no","no"
"Crumb","Documentary","Comedy",119,8,13614,"Certified Fresh",95,"Upright",89,"no","no","no","no"
"Just Friends","Feature Film","Drama",96,6.2,78297,"Rotten",42,"Upright",72,"no","no","no","no"
"Over the Edge","Feature Film","Drama",95,7.6,4369,"Fresh",89,"Upright",86,"no","no","no","no"
"Operation Dumbo Drop","Feature Film","Comedy",107,4.9,6765,"Rotten",31,"Spilled",29,"no","no","no","no"
"The Postman Always Rings Twice","Feature Film","Mystery & Suspense",122,6.6,16137,"Fresh",83,"Spilled",59,"no","yes","yes","no"
"Monster","Feature Film","Drama",109,7.3,101850,"Certified Fresh",82,"Upright",81,"no","no","yes","no"
"Bright Leaves","Documentary","Documentary",107,7.1,504,"Certified Fresh",86,"Upright",71,"no","no","yes","no"
"Teenage Paparazzo","Documentary","Documentary",94,7.4,1935,"Fresh",100,"Upright",94,"no","no","no","no"
"The Gauntlet","Feature Film","Mystery & Suspense",109,6.4,15116,"Fresh",82,"Spilled",54,"no","no","no","yes"
"Jerry Maguire","Feature Film","Drama",139,7.3,183717,"Certified Fresh",85,"Upright",79,"no","no","no","no"
"Felon","Feature Film","Drama",104,7.5,64873,"Rotten",59,"Upright",82,"no","no","no","no"
"On Golden Pond","Feature Film","Drama",109,7.7,20738,"Fresh",92,"Upright",87,"no","yes","yes","no"
"Army of Darkness","Feature Film","Action & Adventure",81,7.6,123769,"Fresh",72,"Upright",87,"no","no","no","no"
"Maverick","Feature Film","Other",127,7,79866,"Fresh",67,"Upright",71,"no","no","yes","no"
"The Little Mermaid","Feature Film","Animation",83,7.6,160237,"Certified Fresh",92,"Upright",88,"no","no","no","no"
"Astro Boy (AstroBoy)","Feature Film","Action & Adventure",94,6.3,24595,"Rotten",49,"Spilled",50,"no","yes","no","no"
"The Trip","Feature Film","Art House & International",112,7,16883,"Certified Fresh",89,"Upright",70,"no","no","no","no"
"Pete Seeger: The Power of Song","Documentary","Documentary",93,8.4,390,"Fresh",95,"Upright",92,"no","no","no","no"
"Zombi 2","Feature Film","Horror",91,6.9,19539,"Rotten",42,"Upright",70,"no","no","no","no"
"Jaws 2","Feature Film","Action & Adventure",116,5.7,48718,"Rotten",53,"Spilled",38,"no","no","no","no"
"Maniac","Feature Film","Horror",89,6.1,26301,"Rotten",49,"Spilled",44,"no","no","no","no"
"Velvet Goldmine","Feature Film","Musical & Performing Arts",124,7,26943,"Rotten",56,"Upright",80,"no","no","no","no"
"Undertaking Betty","Feature Film","Drama",94,6.7,4077,"Rotten",40,"Upright",66,"no","no","no","no"
"Taking Lives","Feature Film","Drama",103,6.2,63511,"Rotten",22,"Spilled",55,"no","no","no","no"
"The Illusionist (L'illusionniste)","Feature Film","Drama",80,7.5,27601,"Certified Fresh",90,"Upright",79,"no","no","no","no"
"Titanic","Feature Film","Drama",194,7.7,756602,"Certified Fresh",88,"Upright",69,"yes","no","yes","yes"
"The Tillman Story","Documentary","Documentary",94,7.8,3998,"Certified Fresh",93,"Upright",91,"no","no","no","no"
"To The Wonder","Feature Film","Drama",112,6,19898,"Rotten",46,"Spilled",38,"no","no","no","no"
"Snow Angels","Feature Film","Drama",107,6.9,10786,"Fresh",68,"Upright",67,"no","no","no","no"
"Mrs. Dalloway","Feature Film","Drama",97,6.9,2857,"Fresh",71,"Spilled",58,"no","no","no","no"
"F for Fake","Documentary","Documentary",89,7.8,9675,"Certified Fresh",88,"Upright",89,"no","no","no","no"
"Saving Face","Feature Film","Drama",91,7.6,7545,"Certified Fresh",87,"Upright",88,"no","no","no","no"
"The Jerky Boys","Feature Film","Comedy",82,4.5,2113,"Rotten",9,"Spilled",52,"no","no","no","no"
"The Unbelievable Truth","Feature Film","Drama",90,7.5,3448,"Fresh",100,"Upright",89,"no","no","no","no"
"Article 99","Feature Film","Drama",100,6,2441,"Rotten",46,"Spilled",55,"no","yes","no","no"
"Great Balls of Fire","Feature Film","Drama",108,6.2,12402,"Fresh",63,"Spilled",53,"no","no","no","no"
"Condorman","Feature Film","Action & Adventure",90,5.7,3373,"Rotten",25,"Upright",65,"no","no","no","no"
"Man of the House","Feature Film","Comedy",96,4.9,6322,"Rotten",14,"Spilled",33,"no","no","no","no"
"Broken","Feature Film","Documentary",91,7.3,9906,"Fresh",63,"Upright",74,"no","no","no","no"
"The Big Red One","Feature Film","Drama",113,7.2,15025,"Certified Fresh",91,"Upright",78,"no","yes","no","no"
"Mighty Aphrodite","Feature Film","Comedy",95,7.1,30826,"Fresh",77,"Upright",73,"no","no","no","yes"
"Captain Phillips","Feature Film","Drama",134,7.9,309896,"Certified Fresh",93,"Upright",89,"no","yes","no","no"
"Amityville II: The Possession","Feature Film","Horror",104,5.4,7284,"Rotten",7,"Spilled",35,"no","no","no","no"
"The Long Kiss Goodnight","Feature Film","Mystery & Suspense",121,6.7,58907,"Fresh",67,"Upright",70,"no","no","no","no"
"Fool's Gold","Feature Film","Action & Adventure",112,5.6,57251,"Rotten",11,"Spilled",48,"no","yes","no","no"
"Doogal","Feature Film","Animation",85,2.8,3790,"Rotten",8,"Spilled",18,"no","no","no","no"
"Bait","Feature Film","Drama",119,5.7,8818,"Rotten",26,"Spilled",41,"no","yes","no","no"
"Body of Evidence","Feature Film","Mystery & Suspense",99,4.3,11125,"Rotten",6,"Spilled",22,"no","no","yes","no"
"The Hunger Games","Feature Film","Drama",142,7.3,675907,"Certified Fresh",84,"Upright",81,"no","no","yes","no"
"Hell's Kitchen N.Y.C.","Feature Film","Drama",95,4.9,2120,"Rotten",40,"Spilled",35,"no","no","no","no"
"The Lake House","Feature Film","Drama",99,6.8,111132,"Rotten",35,"Upright",73,"no","no","yes","no"
"In the Name of the Father","Feature Film","Drama",133,8.1,103378,"Certified Fresh",94,"Upright",95,"no","yes","yes","no"
"Desperate Measures","Feature Film","Drama",100,6.1,13682,"Rotten",17,"Spilled",37,"no","no","no","no"
"The Invasion","Feature Film","Mystery & Suspense",99,5.9,63672,"Rotten",19,"Spilled",40,"no","no","yes","no"
"Eye of the Needle","Feature Film","Drama",112,7.1,6946,"Fresh",85,"Upright",72,"no","no","no","no"
"Funny Lady","Feature Film","Drama",136,6.4,3584,"Rotten",38,"Spilled",55,"no","no","yes","no"
"Alvin and the Chipmunks","Feature Film","Animation",92,5.3,54363,"Rotten",27,"Upright",65,"no","no","no","no"
"Pina","Documentary","Musical & Performing Arts",103,7.7,11197,"Certified Fresh",95,"Upright",81,"no","no","no","no"
"Capote","Feature Film","Drama",114,7.4,96787,"Certified Fresh",90,"Upright",81,"no","yes","no","no"
"Dead Men Don't Wear Plaid","Feature Film","Mystery & Suspense",88,6.8,16366,"Fresh",77,"Upright",73,"no","no","no","no"
"Tarzan","Feature Film","Drama",88,7.2,134270,"Certified Fresh",88,"Upright",74,"no","no","no","no"
"Cocoon: The Return","Feature Film","Drama",116,5.2,11657,"Rotten",36,"Spilled",35,"no","no","no","no"
"Death Defying Acts","Feature Film","Drama",97,5.9,8345,"Rotten",44,"Spilled",26,"no","no","no","no"
"Half Baked","Feature Film","Comedy",82,6.7,46794,"Rotten",29,"Upright",81,"no","no","no","no"
"Dance of the Dead","Feature Film","Action & Adventure",87,5.9,10087,"Fresh",80,"Spilled",52,"no","no","no","no"
"Around the World in 80 Days","Feature Film","Action & Adventure",120,5.8,66054,"Rotten",31,"Spilled",34,"no","no","no","no"
"LOL","Feature Film","Comedy",97,4.2,43574,"Rotten",17,"Spilled",51,"no","no","no","no"
